Source,Category,Title,Link
https://events.tulane.edu/,"University-wide (Academic, Cultural, Wellness, etc.)",Welcome Back from Coca-Cola,https://events.tulane.edu/content/welcome-back-coca-cola
https://events.tulane.edu/,"University-wide (Academic, Cultural, Wellness, etc.)",Trash to Treasure Move-In Sale 2025,https://events.tulane.edu/content/trash-treasure-move-sale-2025-1
https://events.tulane.edu/,"University-wide (Academic, Cultural, Wellness, etc.)",Tulane Hillel Open House,https://events.tulane.edu/content/tulane-hillel-open-house-0
https://events.tulane.edu/,"University-wide (Academic, Cultural, Wellness, etc.)",New Graduate Student Orientation,https://events.tulane.edu/content/new-graduate-student-orientation
https://events.tulane.edu/,"University-wide (Academic, Cultural, Wellness, etc.)",Family Resource Station,https://events.tulane.edu/content/family-resource-station-3
https://events.tulane.edu/,"University-wide (Academic, Cultural, Wellness, etc.)",Tulane Hillel at RLC Fair,https://events.tulane.edu/content/tulane-hillel-rlc-fair-0
https://events.tulane.edu/,"University-wide (Academic, Cultural, Wellness, etc.)",Religious Life,https://events.tulane.edu/content/religious-life-1
https://events.tulane.edu/,"University-wide (Academic, Cultural, Wellness, etc.)",Family Welcome,https://events.tulane.edu/content/family-welcome-1
https://events.tulane.edu/,"University-wide (Academic, Cultural, Wellness, etc.)",Community Meeting - South Liberty Project,https://events.tulane.edu/content/community-meeting-south-liberty-project
https://events.tulane.edu/,"University-wide (Academic, Cultural, Wellness, etc.)",Roll Into Rec: HIIT Class,https://events.tulane.edu/content/roll-rec-hiit-class
https://events.tulane.edu/,"University-wide (Academic, Cultural, Wellness, etc.)",Roll Into Rec: HIIT Class,https://events.tulane.edu/content/roll-rec-hiit-class
https://events.tulane.edu/,"University-wide (Academic, Cultural, Wellness, etc.)",1L Orientation - Oath of Professionalism,https://events.tulane.edu/content/1l-orientation-oath-professionalism
https://events.tulane.edu/,"University-wide (Academic, Cultural, Wellness, etc.)",NTC International Student Orientation Session Fall 2025,https://events.tulane.edu/content/ntc-international-student-orientation-session-fall-2025
https://events.tulane.edu/,"University-wide (Academic, Cultural, Wellness, etc.)",Trash to Treasure Move-In Sale 2025,https://events.tulane.edu/content/trash-treasure-move-sale-2025-2
https://events.tulane.edu/,"University-wide (Academic, Cultural, Wellness, etc.)",Ride the Wave to Wellness,https://events.tulane.edu/content/ride-wave-wellness
https://events.tulane.edu/,"University-wide (Academic, Cultural, Wellness, etc.)",Physics and Engineering Physics Summer Research Colloquium,https://events.tulane.edu/content/physics-and-engineering-physics-summer-research-colloquium
https://events.tulane.edu/,"University-wide (Academic, Cultural, Wellness, etc.)",Virtual 3-Part Workshop: From Theory to Practice:  Creating Organizational Change for Health Equity,https://events.tulane.edu/content/virtual-3-part-workshop-theory-practice-creating-organizational-change-health-equity-0
https://events.tulane.edu/,"University-wide (Academic, Cultural, Wellness, etc.)",OISS Campus Tour,https://events.tulane.edu/content/oiss-campus-tour
https://events.tulane.edu/,"University-wide (Academic, Cultural, Wellness, etc.)",Connect Fest,https://events.tulane.edu/content/connect-fest
https://events.tulane.edu/,"University-wide (Academic, Cultural, Wellness, etc.)",OISS F-1 Undergrad Orientation,https://events.tulane.edu/content/oiss-f-1-undergrad-orientation
https://events.tulane.edu/,"University-wide (Academic, Cultural, Wellness, etc.)",Success Workshops,https://events.tulane.edu/content/success-workshops-0
https://events.tulane.edu/,"University-wide (Academic, Cultural, Wellness, etc.)",Campus Cup,https://events.tulane.edu/content/campus-cup
https://events.tulane.edu/,"University-wide (Academic, Cultural, Wellness, etc.)",Roll Into Rec: Morning Run,https://events.tulane.edu/content/roll-rec-morning-run
https://events.tulane.edu/,"University-wide (Academic, Cultural, Wellness, etc.)",Freeman Abroad Incoming Exchange Student Orientation,https://events.tulane.edu/content/freeman-abroad-incoming-exchange-student-orientation
https://events.tulane.edu/,"University-wide (Academic, Cultural, Wellness, etc.)",School of Liberal Arts Assembly,https://events.tulane.edu/content/school-liberal-arts-assembly
https://events.tulane.edu/,"University-wide (Academic, Cultural, Wellness, etc.)",Trash to Treasure Move-In Sale 2025,https://events.tulane.edu/content/trash-treasure-move-sale-2025-3
https://events.tulane.edu/,"University-wide (Academic, Cultural, Wellness, etc.)",Tulane School of Social Work Academic Open House,https://events.tulane.edu/content/tulane-school-social-work-academic-open-house
https://events.tulane.edu/,"University-wide (Academic, Cultural, Wellness, etc.)",Open House for Incoming Freshmen,https://events.tulane.edu/content/open-house-incoming-freshmen
https://events.tulane.edu/,"University-wide (Academic, Cultural, Wellness, etc.)",Freshmen Open House,https://events.tulane.edu/content/freshmen-open-house
https://events.tulane.edu/,"University-wide (Academic, Cultural, Wellness, etc.)",Provost Proof of Concept Application Overview,https://events.tulane.edu/content/provost-proof-concept-application-overview-0
https://events.tulane.edu/,"University-wide (Academic, Cultural, Wellness, etc.)",OISS J-1 Exchange Student Orientation,https://events.tulane.edu/content/oiss-j-1-exchange-student-orientation
https://events.tulane.edu/,"University-wide (Academic, Cultural, Wellness, etc.)",Voices In Practice: Psychodynamic therapy with the New Orleans-Birmingham Psychoanalytic Center,https://events.tulane.edu/content/voices-practice-psychodynamic-therapy-new-orleans-birmingham-psychoanalytic-center
https://events.tulane.edu/,"University-wide (Academic, Cultural, Wellness, etc.)",NTC International Students Welcome Lunch Fall 2205,https://events.tulane.edu/content/ntc-international-students-welcome-lunch-fall-2205
https://events.tulane.edu/,"University-wide (Academic, Cultural, Wellness, etc.)",International Students Shopping Trip,https://events.tulane.edu/content/international-students-shopping-trip
https://events.tulane.edu/,"University-wide (Academic, Cultural, Wellness, etc.)",Roll Into Rec: Visit the Reily Center,https://events.tulane.edu/content/roll-rec-visit-reily-center
https://events.tulane.edu/,"University-wide (Academic, Cultural, Wellness, etc.)",PMBA Orientation - Fall '25,https://events.tulane.edu/content/pmba-orientation-fall-25
https://events.tulane.edu/,"University-wide (Academic, Cultural, Wellness, etc.)",Roll Into Rec: Club Sports & Outdoor Adventures Expo,https://events.tulane.edu/content/roll-rec-club-sports-outdoor-adventures-expo
https://events.tulane.edu/,"University-wide (Academic, Cultural, Wellness, etc.)",Navy ROTC New Student Orientation,https://events.tulane.edu/content/navy-rotc-new-student-orientation
https://events.tulane.edu/,"University-wide (Academic, Cultural, Wellness, etc.)",Roll Into Rec: Morning Yoga,https://events.tulane.edu/content/roll-rec-morning-yoga
https://events.tulane.edu/,"University-wide (Academic, Cultural, Wellness, etc.)",Trash to Treasure Move-In Sale 2025,https://events.tulane.edu/content/trash-treasure-move-sale-2025-4
https://events.tulane.edu/,"University-wide (Academic, Cultural, Wellness, etc.)",Shabbat Dinner and Services,https://events.tulane.edu/content/shabbat-dinner-and-services
https://events.tulane.edu/,"University-wide (Academic, Cultural, Wellness, etc.)",Trash to Treasure Move-In Sale 2025,https://events.tulane.edu/content/trash-treasure-move-sale-2025-5
https://events.tulane.edu/,"University-wide (Academic, Cultural, Wellness, etc.)",Tulane Takeover,https://events.tulane.edu/content/tulane-takeover-0
https://events.tulane.edu/,"University-wide (Academic, Cultural, Wellness, etc.)",LBC Movie Night in the Village Theater | Superbad (2007),https://events.tulane.edu/content/lbc-movie-night-village-theater-superbad-2007
https://events.tulane.edu/,"University-wide (Academic, Cultural, Wellness, etc.)",Sunday Brunch and Worship,https://events.tulane.edu/content/sunday-brunch-and-worship
https://events.tulane.edu/,"University-wide (Academic, Cultural, Wellness, etc.)",Tulane Hillel Tabling on McAlister!,https://events.tulane.edu/content/tulane-hillel-tabling-mcalister-2
https://events.tulane.edu/,"University-wide (Academic, Cultural, Wellness, etc.)",Advising Drop-Ins with NTC College Advising,https://events.tulane.edu/content/advising-drop-ins-ntc-college-advising
https://events.tulane.edu/,"University-wide (Academic, Cultural, Wellness, etc.)",Afternoon Coffee and Tea hosted by Chi Alpha,https://events.tulane.edu/content/afternoon-coffee-and-tea-hosted-chi-alpha-14
https://events.tulane.edu/,"University-wide (Academic, Cultural, Wellness, etc.)",SOM Birthday Celebration with the Deans,https://events.tulane.edu/content/som-birthday-celebration-deans-14
https://events.tulane.edu/,"University-wide (Academic, Cultural, Wellness, etc.)",A Taste of Latin America,https://events.tulane.edu/content/taste-latin-america
https://events.tulane.edu/,"University-wide (Academic, Cultural, Wellness, etc.)",Open House Mobile Coffee Cart,https://events.tulane.edu/content/open-house-mobile-coffee-cart
https://events.tulane.edu/,"University-wide (Academic, Cultural, Wellness, etc.)",Tulane Tuesday | Chee Wees Snacks,https://events.tulane.edu/content/tulane-tuesday-chee-wees-snacks
https://events.tulane.edu/,"University-wide (Academic, Cultural, Wellness, etc.)",Lunch with the Deans,https://events.tulane.edu/content/lunch-deans-1
https://events.tulane.edu/,"University-wide (Academic, Cultural, Wellness, etc.)",Global Cafe Fall 2025 Series,https://events.tulane.edu/content/global-cafe-fall-2025-series-0
https://events.tulane.edu/,"University-wide (Academic, Cultural, Wellness, etc.)",Pathway to Computational Biology,https://events.tulane.edu/content/pathway-computational-biology
https://events.tulane.edu/,"University-wide (Academic, Cultural, Wellness, etc.)",OFSP Event Training,https://events.tulane.edu/content/ofsp-event-training
https://events.tulane.edu/,"University-wide (Academic, Cultural, Wellness, etc.)",Tulane Undergraduate Assembly Welcome Back & Elections,https://events.tulane.edu/content/tulane-undergraduate-assembly-welcome-back-elections
https://events.tulane.edu/,"University-wide (Academic, Cultural, Wellness, etc.)",Tulane Undergraduate Assembly Welcome Back & Elections,https://events.tulane.edu/content/tulane-undergraduate-assembly-welcome-back-elections-0
https://events.tulane.edu/,"University-wide (Academic, Cultural, Wellness, etc.)",The Rat Grand Opening | Pizza,https://events.tulane.edu/content/rat-grand-opening-pizza
https://events.tulane.edu/,"University-wide (Academic, Cultural, Wellness, etc.)",Mindfulness Meet Ups for Faculty and Staff,https://events.tulane.edu/content/mindfulness-meet-ups-faculty-and-staff
https://events.tulane.edu/,"University-wide (Academic, Cultural, Wellness, etc.)",Virtual 3-Part Workshop: From Theory to Practice:  Creating Organizational Change for Health Equity,https://events.tulane.edu/content/virtual-3-part-workshop-theory-practice-creating-organizational-change-health-equity-1
https://events.tulane.edu/,"University-wide (Academic, Cultural, Wellness, etc.)",COB Open House,https://events.tulane.edu/content/cob-open-house-0
https://events.tulane.edu/,"University-wide (Academic, Cultural, Wellness, etc.)",CPT Info Session for F-1 Students,https://events.tulane.edu/content/cpt-info-session-f-1-students-1
https://events.tulane.edu/,"University-wide (Academic, Cultural, Wellness, etc.)",Virtual Game Night + Registered Student Organization Fair,https://events.tulane.edu/content/virtual-game-night-registered-student-organization-fair
https://events.tulane.edu/,"University-wide (Academic, Cultural, Wellness, etc.)",Welcome Back BBQ!,https://events.tulane.edu/content/welcome-back-bbq-0
https://events.tulane.edu/,"University-wide (Academic, Cultural, Wellness, etc.)",Join The Hullabaloo! Introductory meeting for interested students,https://events.tulane.edu/content/join-hullabaloo-introductory-meeting-interested-students
https://events.tulane.edu/,"University-wide (Academic, Cultural, Wellness, etc.)",The Rat Grand Opening | Stuff-a-Plush,https://events.tulane.edu/content/rat-grand-opening-stuff-plush
https://events.tulane.edu/,"University-wide (Academic, Cultural, Wellness, etc.)",CPS Internships & International Experiences - Tabling Info Session,https://events.tulane.edu/content/cps-internships-international-experiences-tabling-info-session
https://events.tulane.edu/,"University-wide (Academic, Cultural, Wellness, etc.)",Global Scholars Welcome Week Tabling,https://events.tulane.edu/content/global-scholars-welcome-week-tabling
https://events.tulane.edu/,"University-wide (Academic, Cultural, Wellness, etc.)",Coffee & Conversation: New Orleans Knowledge,https://events.tulane.edu/content/coffee-conversation-new-orleans-knowledge
https://events.tulane.edu/,"University-wide (Academic, Cultural, Wellness, etc.)",Common Ground Weekly Worship,https://events.tulane.edu/content/common-ground-weekly-worship
https://events.tulane.edu/,"University-wide (Academic, Cultural, Wellness, etc.)",Get to Know Chi Alpha,https://events.tulane.edu/content/get-know-chi-alpha-0
https://events.tulane.edu/,"University-wide (Academic, Cultural, Wellness, etc.)",Pub Trivia in The Rat,https://events.tulane.edu/content/pub-trivia-rat
https://events.tulane.edu/,"University-wide (Academic, Cultural, Wellness, etc.)",2025 WSPH Emergency Preparedness Presentation,https://events.tulane.edu/content/2025-wsph-emergency-preparedness-presentation
https://events.tulane.edu/,"University-wide (Academic, Cultural, Wellness, etc.)",Fridays at Hillel,https://events.tulane.edu/content/fridays-hillel-41
https://events.tulane.edu/,"University-wide (Academic, Cultural, Wellness, etc.)",Tulane Hillel Tabling On McAlister,https://events.tulane.edu/content/tulane-hillel-tabling-mcalister-5
https://events.tulane.edu/,"University-wide (Academic, Cultural, Wellness, etc.)",Caffeinated Conversations,https://events.tulane.edu/content/caffeinated-conversations
https://events.tulane.edu/,"University-wide (Academic, Cultural, Wellness, etc.)",Shatter The Red Zone,https://events.tulane.edu/content/shatter-red-zone
https://events.tulane.edu/,"University-wide (Academic, Cultural, Wellness, etc.)",Arts & Crafts!,https://events.tulane.edu/content/arts-crafts-17
https://events.tulane.edu/,"University-wide (Academic, Cultural, Wellness, etc.)",Shabbat Services and Dinner,https://events.tulane.edu/content/shabbat-services-and-dinner-15
https://events.tulane.edu/,"University-wide (Academic, Cultural, Wellness, etc.)",Welcome Back Cookout,https://events.tulane.edu/content/welcome-back-cookout
https://events.tulane.edu/,"University-wide (Academic, Cultural, Wellness, etc.)",WSPH SGA Back to School Bowling,https://events.tulane.edu/content/wsph-sga-back-school-bowling
https://events.tulane.edu/,"University-wide (Academic, Cultural, Wellness, etc.)",Karaoke in The Rat,https://events.tulane.edu/content/karaoke-rat
https://events.tulane.edu/,"University-wide (Academic, Cultural, Wellness, etc.)",LBC Movie Night in the Village Theater | Lilo & Stitch (2025),https://events.tulane.edu/content/lbc-movie-night-village-theater-lilo-stitch-2025
https://events.tulane.edu/,"University-wide (Academic, Cultural, Wellness, etc.)",Student Employment: Fall 2025 Student Part-Time Job Fair,https://events.tulane.edu/content/student-employment-fall-2025-student-part-time-job-fair
https://events.tulane.edu/,"University-wide (Academic, Cultural, Wellness, etc.)",PHDS Welcome Week Tabling,https://events.tulane.edu/content/phds-welcome-week-tabling
https://events.tulane.edu/,"University-wide (Academic, Cultural, Wellness, etc.)",Academic Training Info Session for J-1 Students,https://events.tulane.edu/content/academic-training-info-session-j-1-students-1
https://events.tulane.edu/,"University-wide (Academic, Cultural, Wellness, etc.)",Navigating WSPH: Part 1,https://events.tulane.edu/content/navigating-wsph-part-1
https://events.tulane.edu/,"University-wide (Academic, Cultural, Wellness, etc.)",Afternoon Coffee and Tea hosted by Chi Alpha,https://events.tulane.edu/content/afternoon-coffee-and-tea-hosted-chi-alpha-15
https://events.tulane.edu/,"University-wide (Academic, Cultural, Wellness, etc.)",NPHC's Guide to Tulane,https://events.tulane.edu/content/nphcs-guide-tulane
https://events.tulane.edu/,"University-wide (Academic, Cultural, Wellness, etc.)",Tulane Tuesday | Succulents,https://events.tulane.edu/content/tulane-tuesday-succulents-0
https://events.tulane.edu/,"University-wide (Academic, Cultural, Wellness, etc.)",SSHARE Welcome Week Tabling,https://events.tulane.edu/content/sshare-welcome-week-tabling
https://events.tulane.edu/,"University-wide (Academic, Cultural, Wellness, etc.)",Sexual Health Pop Up,https://events.tulane.edu/content/sexual-health-pop-3
https://events.tulane.edu/,"University-wide (Academic, Cultural, Wellness, etc.)",Global Cafe Fall 2025 Series,https://events.tulane.edu/content/global-cafe-fall-2025-series-1
https://events.tulane.edu/,"University-wide (Academic, Cultural, Wellness, etc.)",Study Abroad in Argentina with IFSA,https://events.tulane.edu/content/study-abroad-argentina-ifsa
https://events.tulane.edu/,"University-wide (Academic, Cultural, Wellness, etc.)",Get the Scoop on Study Abroad,https://events.tulane.edu/content/get-scoop-study-abroad
https://events.tulane.edu/,"University-wide (Academic, Cultural, Wellness, etc.)",APO Info Tabling,https://events.tulane.edu/content/apo-info-tabling-7
https://events.tulane.edu/,"University-wide (Academic, Cultural, Wellness, etc.)",Venture Funding Basics (Part 1) Webinar,https://events.tulane.edu/content/venture-funding-basics-part-1-webinar
https://events.tulane.edu/,"University-wide (Academic, Cultural, Wellness, etc.)",HMSLA Welcome Week Tabling,https://events.tulane.edu/content/hmsla-welcome-week-tabling
https://events.tulane.edu/,"University-wide (Academic, Cultural, Wellness, etc.)",Mindfulness Meet Ups for Faculty and Staff,https://events.tulane.edu/content/mindfulness-meet-ups-faculty-and-staff-0
https://events.tulane.edu/,"University-wide (Academic, Cultural, Wellness, etc.)",HMSLA Welcome Week Tabling,https://events.tulane.edu/content/hmsla-welcome-week-tabling
https://events.tulane.edu/,"University-wide (Academic, Cultural, Wellness, etc.)",Mindfulness Meet Ups for Faculty and Staff,https://events.tulane.edu/content/mindfulness-meet-ups-faculty-and-staff-0
https://events.tulane.edu/,"University-wide (Academic, Cultural, Wellness, etc.)",Turning the Tide: Weathering Katrina,https://events.tulane.edu/content/turning-tide-weathering-katrina
https://events.tulane.edu/,"University-wide (Academic, Cultural, Wellness, etc.)",APO Info Tabling,https://events.tulane.edu/content/apo-info-tabling-6
https://events.tulane.edu/,"University-wide (Academic, Cultural, Wellness, etc.)",SALUD Welcome Week Tabling,https://events.tulane.edu/content/salud-welcome-week-tabling
https://events.tulane.edu/,"University-wide (Academic, Cultural, Wellness, etc.)",Coffee & Conversation: Puzzle Me This,https://events.tulane.edu/content/coffee-conversation-puzzle-me
https://events.tulane.edu/,"University-wide (Academic, Cultural, Wellness, etc.)",Sexual Health Pop Up,https://events.tulane.edu/content/sexual-health-pop-0
https://events.tulane.edu/,"University-wide (Academic, Cultural, Wellness, etc.)",Shatter The Red Zone,https://events.tulane.edu/content/shatter-red-zone-0
https://events.tulane.edu/,"University-wide (Academic, Cultural, Wellness, etc.)",Katrina 20th Anniversary,https://events.tulane.edu/content/katrina-20th-anniversary
https://events.tulane.edu/,"University-wide (Academic, Cultural, Wellness, etc.)",Opening reception for On Display: a Twenty-First Century Salon des Refus√©s,https://events.tulane.edu/content/opening-reception-display-twenty-first-century-salon-des-refuses
https://events.tulane.edu/,"University-wide (Academic, Cultural, Wellness, etc.)",HPAM Fall 2025 Bocce Ball Welcome Back Event,https://events.tulane.edu/content/hpam-fall-2025-bocce-ball-welcome-back-event
https://events.tulane.edu/,"University-wide (Academic, Cultural, Wellness, etc.)",APO Info Tabling,https://events.tulane.edu/content/apo-info-tabling-5
https://events.tulane.edu/,"University-wide (Academic, Cultural, Wellness, etc.)",Fridays at Hillel,https://events.tulane.edu/content/fridays-hillel-42
https://events.tulane.edu/,"University-wide (Academic, Cultural, Wellness, etc.)",Fridays at Newcomb: ‚Äú'Framing Reproductive Health Policy in a Highly Constrained Political Environment‚Äù,https://events.tulane.edu/content/fridays-newcomb-framing-reproductive-health-policy-highly-constrained-political-environment
https://events.tulane.edu/,"University-wide (Academic, Cultural, Wellness, etc.)",SOCIETY Welcome Week Tabling,https://events.tulane.edu/content/society-welcome-week-tabling
https://events.tulane.edu/,"University-wide (Academic, Cultural, Wellness, etc.)",Caffeinated Conversations,https://events.tulane.edu/content/caffeinated-conversations-0
https://events.tulane.edu/,"University-wide (Academic, Cultural, Wellness, etc.)",Arts & Crafts!,https://events.tulane.edu/content/arts-crafts-18
https://events.tulane.edu/,"University-wide (Academic, Cultural, Wellness, etc.)",Shabbat Services and Dinner,https://events.tulane.edu/content/shabbat-services-and-dinner-16
https://events.tulane.edu/,"University-wide (Academic, Cultural, Wellness, etc.)",Karaoke in The Rat,https://events.tulane.edu/content/karaoke-rat-0
https://events.tulane.edu/,"University-wide (Academic, Cultural, Wellness, etc.)",LBC Movie Night in the Village Theater | Transformers One (2024),https://events.tulane.edu/content/lbc-movie-night-village-theater-transformers-one-2024
https://events.tulane.edu/,"University-wide (Academic, Cultural, Wellness, etc.)",APO Info Tabling,https://events.tulane.edu/content/apo-info-tabling-4
https://events.tulane.edu/,"University-wide (Academic, Cultural, Wellness, etc.)",Tulane Tuesday | Life Saver Donuts,https://events.tulane.edu/content/tulane-tuesday-life-saver-donuts-0
https://events.tulane.edu/,"University-wide (Academic, Cultural, Wellness, etc.)",Sexual Health Pop Up,https://events.tulane.edu/content/sexual-health-pop-2
https://events.tulane.edu/,"University-wide (Academic, Cultural, Wellness, etc.)",Study Abroad Weekly Info Session: 202 -- How to Study Abroad,https://events.tulane.edu/content/study-abroad-weekly-info-session-202-how-study-abroad-19
https://events.tulane.edu/,"University-wide (Academic, Cultural, Wellness, etc.)",Global Cafe Fall 2025 Series,https://events.tulane.edu/content/global-cafe-fall-2025-series-2
https://events.tulane.edu/,"University-wide (Academic, Cultural, Wellness, etc.)",ü•ä Knockout Negativity: A Boxing Demo for Mental Strength & Well-Being,https://events.tulane.edu/content/knockout-negativity-boxing-demo-mental-strength-well-being
https://events.tulane.edu/,"University-wide (Academic, Cultural, Wellness, etc.)",APO Info Tabling,https://events.tulane.edu/content/apo-info-tabling-2
https://events.tulane.edu/,"University-wide (Academic, Cultural, Wellness, etc.)",APO Info Tabling,https://events.tulane.edu/content/apo-info-tabling-3
https://events.tulane.edu/,"University-wide (Academic, Cultural, Wellness, etc.)",Mindfulness Meet Ups for Faculty and Staff,https://events.tulane.edu/content/mindfulness-meet-ups-faculty-and-staff-1
https://events.tulane.edu/,"University-wide (Academic, Cultural, Wellness, etc.)",Tulane Hillel Tabling on McAlister!,https://events.tulane.edu/content/tulane-hillel-tabling-mcalister-3
https://events.tulane.edu/,"University-wide (Academic, Cultural, Wellness, etc.)",CGSA Departmental Meeting,https://events.tulane.edu/content/cgsa-departmental-meeting-8
https://events.tulane.edu/,"University-wide (Academic, Cultural, Wellness, etc.)",ISHLA Game Nigh t,https://events.tulane.edu/content/ishla-game-nigh-t
https://events.tulane.edu/,"University-wide (Academic, Cultural, Wellness, etc.)",OFSP Presidents' Current,https://events.tulane.edu/content/ofsp-presidents-current
https://events.tulane.edu/,"University-wide (Academic, Cultural, Wellness, etc.)",NPHC Meet the Greeks,https://events.tulane.edu/content/nphc-meet-greeks-4
https://events.tulane.edu/,"University-wide (Academic, Cultural, Wellness, etc.)",NPHC Meet the Greeks,https://events.tulane.edu/content/nphc-meet-greeks-2
https://events.tulane.edu/,"University-wide (Academic, Cultural, Wellness, etc.)",Volleyball Promotional Day,https://events.tulane.edu/content/volleyball-promotional-day
https://events.tulane.edu/,"University-wide (Academic, Cultural, Wellness, etc.)",APO Info Tabling,https://events.tulane.edu/content/apo-info-tabling-0
https://events.tulane.edu/,"University-wide (Academic, Cultural, Wellness, etc.)",Employee Resource Fair,https://events.tulane.edu/content/employee-resource-fair
https://events.tulane.edu/,"University-wide (Academic, Cultural, Wellness, etc.)",APO Info Tabling,https://events.tulane.edu/content/apo-info-tabling-1
https://events.tulane.edu/,"University-wide (Academic, Cultural, Wellness, etc.)",The Green Bandana Project + QPR Workshop,https://events.tulane.edu/content/green-bandana-project-qpr-workshop-2
https://events.tulane.edu/,"University-wide (Academic, Cultural, Wellness, etc.)",Coffee & Conversation: Beignets and Board Games,https://events.tulane.edu/content/coffee-conversation-beignets-and-board-games
https://events.tulane.edu/,"University-wide (Academic, Cultural, Wellness, etc.)",Join The Hullabaloo! Introductory meeting for interested students,https://events.tulane.edu/content/join-hullabaloo-introductory-meeting-interested-students-0
https://events.tulane.edu/,"University-wide (Academic, Cultural, Wellness, etc.)",NPHC Meet the Greeks,https://events.tulane.edu/content/nphc-meet-greeks-5
https://events.tulane.edu/,"University-wide (Academic, Cultural, Wellness, etc.)",NPHC Meet the Greeks,https://events.tulane.edu/content/nphc-meet-greeks-3
https://events.tulane.edu/,"University-wide (Academic, Cultural, Wellness, etc.)",Demystifying AI in Public Health Symposium,https://events.tulane.edu/content/demystifying-ai-public-health-symposium
https://events.tulane.edu/,"University-wide (Academic, Cultural, Wellness, etc.)",Study Abroad Walk-in Advising,https://events.tulane.edu/content/study-abroad-walk-advising-5
https://events.tulane.edu/,"University-wide (Academic, Cultural, Wellness, etc.)",APO Info Tabling,https://events.tulane.edu/content/apo-info-tabling
https://events.tulane.edu/,"University-wide (Academic, Cultural, Wellness, etc.)",Front Porch Friday,https://events.tulane.edu/content/front-porch-friday-11
https://events.tulane.edu/,"University-wide (Academic, Cultural, Wellness, etc.)",Positively Blooming - TUgether for Mental Health,https://events.tulane.edu/content/positively-blooming-tugether-mental-health
https://events.tulane.edu/,"University-wide (Academic, Cultural, Wellness, etc.)",Fridays at Hillel,https://events.tulane.edu/content/fridays-hillel-43
https://events.tulane.edu/,"University-wide (Academic, Cultural, Wellness, etc.)",Fridays at Newcomb: ‚ÄúShamed‚Äù,https://events.tulane.edu/content/fridays-newcomb-shamed
https://events.tulane.edu/,"University-wide (Academic, Cultural, Wellness, etc.)",Caffeinated Conversations,https://events.tulane.edu/content/caffeinated-conversations-1
https://events.tulane.edu/,"University-wide (Academic, Cultural, Wellness, etc.)",Shatter The Red Zone,https://events.tulane.edu/content/shatter-red-zone-1
https://events.tulane.edu/,"University-wide (Academic, Cultural, Wellness, etc.)",Arts & Crafts!,https://events.tulane.edu/content/arts-crafts-19
https://events.tulane.edu/,"University-wide (Academic, Cultural, Wellness, etc.)",Arts & Crafts!,https://events.tulane.edu/content/arts-crafts-15
https://events.tulane.edu/,"University-wide (Academic, Cultural, Wellness, etc.)",Shabbat Services and Dinner,https://events.tulane.edu/content/shabbat-services-and-dinner-17
https://events.tulane.edu/,"University-wide (Academic, Cultural, Wellness, etc.)",Homesickness: Fostering Connection & Community,https://events.tulane.edu/content/homesickness-fostering-connection-community-0
https://events.tulane.edu/,"University-wide (Academic, Cultural, Wellness, etc.)",Afternoon Coffee and Tea hosted by Chi Alpha,https://events.tulane.edu/content/afternoon-coffee-and-tea-hosted-chi-alpha-16
https://events.tulane.edu/,"University-wide (Academic, Cultural, Wellness, etc.)",Study Abroad Walk-in Advising,https://events.tulane.edu/content/study-abroad-walk-advising-6
https://events.tulane.edu/,"University-wide (Academic, Cultural, Wellness, etc.)",Tulane Tuesday | Postcards for Family & Friends,https://events.tulane.edu/content/tulane-tuesday-postcards-family-friends-0
https://events.tulane.edu/,"University-wide (Academic, Cultural, Wellness, etc.)",Global Cafe Fall 2025 Series,https://events.tulane.edu/content/global-cafe-fall-2025-series
https://events.tulane.edu/,"University-wide (Academic, Cultural, Wellness, etc.)",Vision Board Making with TWN!!,https://events.tulane.edu/content/vision-board-making-twn
https://events.tulane.edu/,"University-wide (Academic, Cultural, Wellness, etc.)",Wave of Support Leadership Academy Info Session,https://events.tulane.edu/content/wave-support-leadership-academy-info-session
https://events.tulane.edu/,"University-wide (Academic, Cultural, Wellness, etc.)",Recruitment,https://events.tulane.edu/content/recruitment-1
https://events.tulane.edu/,"University-wide (Academic, Cultural, Wellness, etc.)",Venture Funding Basics (Part 2) Webinar,https://events.tulane.edu/content/venture-funding-basics-part-2-webinar
https://events.tulane.edu/,"University-wide (Academic, Cultural, Wellness, etc.)",World Suicide Prevention Day Tabling,https://events.tulane.edu/content/world-suicide-prevention-day-tabling
https://events.tulane.edu/,"University-wide (Academic, Cultural, Wellness, etc.)",Sexual Health Pop Up,https://events.tulane.edu/content/sexual-health-pop-1
https://events.tulane.edu/,"University-wide (Academic, Cultural, Wellness, etc.)",Academic Writing Series,https://events.tulane.edu/content/academic-writing-series-2
https://events.tulane.edu/,"University-wide (Academic, Cultural, Wellness, etc.)",Recruitment,https://events.tulane.edu/content/recruitment-0
https://events.tulane.edu/,"University-wide (Academic, Cultural, Wellness, etc.)",Opening  Reception for Tulane Special Collections new Exhibition,https://events.tulane.edu/content/opening-reception-tulane-special-collections-new-exhibition
https://events.tulane.edu/,"University-wide (Academic, Cultural, Wellness, etc.)",Virtual Deans Hour,https://events.tulane.edu/content/virtual-deans-hour-5
https://events.tulane.edu/,"University-wide (Academic, Cultural, Wellness, etc.)",Recruitment,https://events.tulane.edu/content/recruitment
https://events.tulane.edu/,"University-wide (Academic, Cultural, Wellness, etc.)",Positively Blooming - TUgether for Mental Health,https://events.tulane.edu/content/positively-blooming-tugether-mental-health-0
https://events.tulane.edu/,"University-wide (Academic, Cultural, Wellness, etc.)",Fridays at Hillel,https://events.tulane.edu/content/fridays-hillel-44
https://events.tulane.edu/,"University-wide (Academic, Cultural, Wellness, etc.)",Caffeinated Conversations,https://events.tulane.edu/content/caffeinated-conversations-2
https://events.tulane.edu/,"University-wide (Academic, Cultural, Wellness, etc.)",Shatter The Red Zone,https://events.tulane.edu/content/shatter-red-zone-2
https://events.tulane.edu/,"University-wide (Academic, Cultural, Wellness, etc.)",Arts & Crafts!,https://events.tulane.edu/content/arts-crafts-20
https://events.tulane.edu/,"University-wide (Academic, Cultural, Wellness, etc.)",Shabbat Services and Dinner,https://events.tulane.edu/content/shabbat-services-and-dinner-18
https://events.tulane.edu/,"University-wide (Academic, Cultural, Wellness, etc.)",Afternoon Coffee and Tea hosted by Chi Alpha,https://events.tulane.edu/content/afternoon-coffee-and-tea-hosted-chi-alpha-17
https://events.tulane.edu/,"University-wide (Academic, Cultural, Wellness, etc.)",The Green Bandana Project Orientation,https://events.tulane.edu/content/green-bandana-project-orientation-1
https://events.tulane.edu/,"University-wide (Academic, Cultural, Wellness, etc.)",üß†üí™ Mind & Motion: Mental Fitness Challenge + Fitness Screening,https://events.tulane.edu/content/mind-motion-mental-fitness-challenge-fitness-screening
https://events.tulane.edu/,"University-wide (Academic, Cultural, Wellness, etc.)",CEA Open Sessions: Entering & Creating Communities,https://events.tulane.edu/content/cea-open-sessions-entering-creating-communities-0
https://events.tulane.edu/,"University-wide (Academic, Cultural, Wellness, etc.)",CEA Open Sessions: Entering & Creating Communities,https://events.tulane.edu/content/cea-open-sessions-entering-creating-communities
https://events.tulane.edu/,"University-wide (Academic, Cultural, Wellness, etc.)",SOM Birthday Celebration with the Deans,https://events.tulane.edu/content/som-birthday-celebration-deans-15
https://events.tulane.edu/,"University-wide (Academic, Cultural, Wellness, etc.)",Global Cafe Fall 2025 Series,https://events.tulane.edu/content/global-cafe-fall-2025-series-3
https://events.tulane.edu/,"University-wide (Academic, Cultural, Wellness, etc.)",CEA Open Sessions: Entering & Creating Communities,https://events.tulane.edu/content/cea-open-sessions-entering-creating-communities-2
https://events.tulane.edu/,"University-wide (Academic, Cultural, Wellness, etc.)",CEA Open Sessions: Entering & Creating Communities,https://events.tulane.edu/content/cea-open-sessions-entering-creating-communities-1
https://events.tulane.edu/,"University-wide (Academic, Cultural, Wellness, etc.)",Cupcakes & Connections,https://events.tulane.edu/content/cupcakes-connections
https://events.tulane.edu/,"University-wide (Academic, Cultural, Wellness, etc.)",Mindfulness Meet Ups for Faculty and Staff,https://events.tulane.edu/content/mindfulness-meet-ups-faculty-and-staff-2
https://events.tulane.edu/,"University-wide (Academic, Cultural, Wellness, etc.)",Tote Bag Making with TWN!!,https://events.tulane.edu/content/tote-bag-making-twn
https://events.tulane.edu/,"University-wide (Academic, Cultural, Wellness, etc.)",OPT Overview Info Session for F-1 Students,https://events.tulane.edu/content/opt-overview-info-session-f-1-students
https://events.tulane.edu/,"University-wide (Academic, Cultural, Wellness, etc.)",CEA Open Sessions: Entering & Creating Communities,https://events.tulane.edu/content/cea-open-sessions-entering-creating-communities-4
https://events.tulane.edu/,"University-wide (Academic, Cultural, Wellness, etc.)",CEA Open Sessions: Entering & Creating Communities,https://events.tulane.edu/content/cea-open-sessions-entering-creating-communities-3
https://events.tulane.edu/,"University-wide (Academic, Cultural, Wellness, etc.)",General Membership Meeting,https://events.tulane.edu/content/general-membership-meeting
https://events.tulane.edu/,"University-wide (Academic, Cultural, Wellness, etc.)",2025 Symposium on Climate & Health in the Gulf Region,https://events.tulane.edu/content/2025-symposium-climate-health-gulf-region
https://events.tulane.edu/,"University-wide (Academic, Cultural, Wellness, etc.)",Coffee & Conversation: Community Connections,https://events.tulane.edu/content/coffee-conversation-community-connections
https://events.tulane.edu/,"University-wide (Academic, Cultural, Wellness, etc.)",CEA Open Sessions: Entering & Creating Communities,https://events.tulane.edu/content/cea-open-sessions-entering-creating-communities-5
https://events.tulane.edu/,"University-wide (Academic, Cultural, Wellness, etc.)",CEA Open Sessions: Entering & Creating Communities,https://events.tulane.edu/content/cea-open-sessions-entering-creating-communities-6
https://events.tulane.edu/,"University-wide (Academic, Cultural, Wellness, etc.)",Careers In Mental Health Panel,https://events.tulane.edu/content/careers-mental-health-panel-0
https://events.tulane.edu/,"University-wide (Academic, Cultural, Wellness, etc.)",Positively Blooming - TUgether for Mental Health,https://events.tulane.edu/content/positively-blooming-tugether-mental-health-1
https://events.tulane.edu/,"University-wide (Academic, Cultural, Wellness, etc.)",Fridays at Newcomb: Lecture by Ilana Horwitz,https://events.tulane.edu/content/fridays-newcomb-lecture-ilana-horwitz
https://events.tulane.edu/,"University-wide (Academic, Cultural, Wellness, etc.)",Fridays at Hillel,https://events.tulane.edu/content/fridays-hillel-45
https://events.tulane.edu/,"University-wide (Academic, Cultural, Wellness, etc.)",Shatter The Red Zone,https://events.tulane.edu/content/shatter-red-zone-3
https://events.tulane.edu/,"University-wide (Academic, Cultural, Wellness, etc.)",Caffeinated Conversations,https://events.tulane.edu/content/caffeinated-conversations-4
https://events.tulane.edu/,"University-wide (Academic, Cultural, Wellness, etc.)",Caffeinated Conversations,https://events.tulane.edu/content/caffeinated-conversations-3
https://events.tulane.edu/,"University-wide (Academic, Cultural, Wellness, etc.)",CEA Open Sessions: Entering & Creating Communities,https://events.tulane.edu/content/cea-open-sessions-entering-creating-communities-8
https://events.tulane.edu/,"University-wide (Academic, Cultural, Wellness, etc.)",CEA Open Sessions: Entering & Creating Communities,https://events.tulane.edu/content/cea-open-sessions-entering-creating-communities-7
https://events.tulane.edu/,"University-wide (Academic, Cultural, Wellness, etc.)",Arts & Crafts!,https://events.tulane.edu/content/arts-crafts-21
https://events.tulane.edu/,"University-wide (Academic, Cultural, Wellness, etc.)",Shabbat Services and Dinner,https://events.tulane.edu/content/shabbat-services-and-dinner-19
https://events.tulane.edu/,"University-wide (Academic, Cultural, Wellness, etc.)",CEA Open Sessions: Entering & Creating Communities,https://events.tulane.edu/content/cea-open-sessions-entering-creating-communities-9
https://events.tulane.edu/,"University-wide (Academic, Cultural, Wellness, etc.)",CEA Open Sessions: Entering & Creating Communities,https://events.tulane.edu/content/cea-open-sessions-entering-creating-communities-10
https://events.tulane.edu/,"University-wide (Academic, Cultural, Wellness, etc.)",Finding Your Calm in the Hullabaloo,https://events.tulane.edu/content/finding-your-calm-hullabaloo
https://events.tulane.edu/,"University-wide (Academic, Cultural, Wellness, etc.)",Afternoon Coffee and Tea hosted by Chi Alpha,https://events.tulane.edu/content/afternoon-coffee-and-tea-hosted-chi-alpha-18
https://events.tulane.edu/,"University-wide (Academic, Cultural, Wellness, etc.)",OPT I-765 Walkthrough for F-1 Students,https://events.tulane.edu/content/opt-i-765-walkthrough-f-1-students
https://events.tulane.edu/,"University-wide (Academic, Cultural, Wellness, etc.)",QPR Training for Faculty,https://events.tulane.edu/content/qpr-training-faculty
https://events.tulane.edu/,"University-wide (Academic, Cultural, Wellness, etc.)",Global Cafe Fall 2025 Series,https://events.tulane.edu/content/global-cafe-fall-2025-series-4
https://events.tulane.edu/,"University-wide (Academic, Cultural, Wellness, etc.)","Seniors, Apply to Graduate!",https://events.tulane.edu/content/seniors-apply-graduate-2
https://events.tulane.edu/,"University-wide (Academic, Cultural, Wellness, etc.)",Mindfulness Meet Ups for Faculty and Staff,https://events.tulane.edu/content/mindfulness-meet-ups-faculty-and-staff-3
https://events.tulane.edu/,"University-wide (Academic, Cultural, Wellness, etc.)",Academic Writing Series,https://events.tulane.edu/content/academic-writing-series-3
https://events.tulane.edu/,"University-wide (Academic, Cultural, Wellness, etc.)","Annual J. Richard Williams, MD 1931 Lecture: Hygienic Modernity, Imperialism, & Sanitary Projects in 19th-c. Middle East: The Case of Damascus",https://events.tulane.edu/content/annual-j-richard-williams-md-1931-lecture-hygienic-modernity-imperialism-sanitary-projects
https://events.tulane.edu/,"University-wide (Academic, Cultural, Wellness, etc.)",The Green Bandana Project + QPR Workshop,https://events.tulane.edu/content/green-bandana-project-qpr-workshop-4
https://events.tulane.edu/,"University-wide (Academic, Cultural, Wellness, etc.)",Volleyball Promotional Day,https://events.tulane.edu/content/volleyball-promotional-day-0
https://events.tulane.edu/,"University-wide (Academic, Cultural, Wellness, etc.)",Coffee & Conversation: Breakfast and Bingo,https://events.tulane.edu/content/coffee-conversation-breakfast-and-bingo
https://events.tulane.edu/,"University-wide (Academic, Cultural, Wellness, etc.)",Positively Blooming - TUgether for Mental Health,https://events.tulane.edu/content/positively-blooming-tugether-mental-health-2
https://events.tulane.edu/,"University-wide (Academic, Cultural, Wellness, etc.)",Fridays at Hillel,https://events.tulane.edu/content/fridays-hillel-46
https://events.tulane.edu/,"University-wide (Academic, Cultural, Wellness, etc.)","Fridays at Newcomb: ‚ÄúStudy of Life Outcomes and Decision-Making: Science, Art and Conversation‚Äù",https://events.tulane.edu/content/fridays-newcomb-study-life-outcomes-and-decision-making-science-art-and-conversation
https://events.tulane.edu/,"University-wide (Academic, Cultural, Wellness, etc.)",Tulane School of Science and Engineering  Career Fair,https://events.tulane.edu/content/tulane-school-science-and-engineering-career-fair
https://events.tulane.edu/,"University-wide (Academic, Cultural, Wellness, etc.)",Caffeinated Conversations,https://events.tulane.edu/content/caffeinated-conversations-5
https://events.tulane.edu/,"University-wide (Academic, Cultural, Wellness, etc.)",Shatter The Red Zone,https://events.tulane.edu/content/shatter-red-zone-4
https://events.tulane.edu/,"University-wide (Academic, Cultural, Wellness, etc.)",Arts & Crafts!,https://events.tulane.edu/content/arts-crafts-22
https://events.tulane.edu/,"University-wide (Academic, Cultural, Wellness, etc.)",Shabbat Services and Dinner,https://events.tulane.edu/content/shabbat-services-and-dinner-20
https://events.tulane.edu/,"University-wide (Academic, Cultural, Wellness, etc.)",Afternoon Coffee and Tea hosted by Chi Alpha,https://events.tulane.edu/content/afternoon-coffee-and-tea-hosted-chi-alpha-19
https://events.tulane.edu/,"University-wide (Academic, Cultural, Wellness, etc.)",Celebration for Carolyn Barber-Pierre,https://events.tulane.edu/content/celebration-carolyn-barber-pierre
https://events.tulane.edu/,"University-wide (Academic, Cultural, Wellness, etc.)",Navigating WSPH: Part 2,https://events.tulane.edu/content/navigating-wsph-part-2
https://events.tulane.edu/,"University-wide (Academic, Cultural, Wellness, etc.)",Mental Health Fair,https://events.tulane.edu/content/mental-health-fair-0
https://events.tulane.edu/,"University-wide (Academic, Cultural, Wellness, etc.)",Mindfulness Meet Ups for Faculty and Staff,https://events.tulane.edu/content/mindfulness-meet-ups-faculty-and-staff-4
https://events.tulane.edu/,"University-wide (Academic, Cultural, Wellness, etc.)",Coffee & Conversation: Paint and Sip,https://events.tulane.edu/content/coffee-conversation-paint-and-sip
https://events.tulane.edu/,"University-wide (Academic, Cultural, Wellness, etc.)",Caffeinated Conversations,https://events.tulane.edu/content/caffeinated-conversations-6
https://events.tulane.edu/,"University-wide (Academic, Cultural, Wellness, etc.)",Afternoon Coffee and Tea hosted by Chi Alpha,https://events.tulane.edu/content/afternoon-coffee-and-tea-hosted-chi-alpha-20
https://events.tulane.edu/,"University-wide (Academic, Cultural, Wellness, etc.)",Global Cafe Fall 2025 Series,https://events.tulane.edu/content/global-cafe-fall-2025-series-5
